<?xml version="1.0" encoding="UTF-8"?>
<odoo>
    <data>

        <record id="rent_property_management_type" model="ir.module.category">
                <field name="description">Property Management</field>
                <field name="name">Property Management</field>
        </record>

        <record id="group_rent_payer" model="res.groups">
            <field name="name">Renter</field>
            <field name="category_id" ref="rent_property_management_type"/>
        </record>

        <record id="group_purchaser" model="res.groups">
            <field name="name">Purchaser</field>
            <field name="category_id" ref="rent_property_management_type"/>
        </record>

        <record id="group_manager" model="res.groups">
            <field name="name">Rent / Sale Manager</field>
            <field name="category_id" ref="rent_property_management_type"/>
            <field name="users" eval="[(4, ref('base.user_root')), (4, ref('base.user_admin'))]"/>
        </record>

        <record id="base.res_partner_rule_private_employee" model="ir.rule">
            <field name="name">res.partner.rule.private.employee with All Customers</field>
            <field name="model_id" ref="base.model_res_partner"/>
            <field name="domain_force">[(1,'=',1)]</field>
            <field name="groups" eval="[(6, 0, [ref('property_rental_mgt_app.group_manager'),ref('base.group_user')])]"/>
            <field name="perm_read" eval="True"/>
            <field name="perm_write" eval="True"/>
            <field name="perm_create" eval="True"/>
            <field name="perm_unlink" eval="False"/>
        </record>

        <record id="renter_partner_rule" model="ir.rule">
            <field name="name">Own Renter Rule</field>
            <field name="model_id" ref="base.model_res_partner"/>
            <field name="domain_force">['|',('user_id','=',user.id),('user_id','=',False)]</field>
            <field name="groups" eval="[(4,ref('property_rental_mgt_app.group_rent_payer'))]"/>
        </record>

        <record id="purchaser_partner_rule" model="ir.rule">
            <field name="name">Own Purchaser Rule</field>
            <field name="model_id" ref="base.model_res_partner"/>
            <field name="domain_force">['|',('user_id','=',user.id),('user_id','=',False)]</field>
            <field name="groups" eval="[(4,ref('property_rental_mgt_app.group_purchaser'))]"/>
        </record>

        <!-- ir.rule for Purchaser see only saleable property, renter see only rentable property-->
        <record id="property_purchaser_rule" model="ir.rule">
            <field name="name">Property Purchaser Access</field>
            <field name="model_id" ref="product.model_product_product"/>
            <field name="domain_force">['|',('state','=','sale'),'&amp;',('state','=','sold'),('user_id','=',user.id)]</field>
            <field name="groups" eval="[(4, ref('property_rental_mgt_app.group_purchaser'))]"/>
        </record>

        <record id="property_renter_rule" model="ir.rule">
            <field name="name">Property Renter Access</field>
            <field name="model_id" ref="product.model_product_product"/>
            <field name="groups" eval="[(4, ref('property_rental_mgt_app.group_rent_payer'))]"/>
            <field name="domain_force">['|',('state','=','rent'),'&amp;',('state','=','reserve'),('user_id','=',user.id)]</field>
        </record>

        <!-- property contract rule -->
        <record id="property_contract_rule" model="ir.rule">
            <field name="name">Property Contract Access</field>
            <field name="model_id" ref="property_rental_mgt_app.model_contract_details"/>
            <field name="groups" eval="[(4, ref('property_rental_mgt_app.group_rent_payer'))]"/>
            <field name="domain_force">[('partner_id','=',user.partner_id.id)]</field>
        </record>

        <!-- Maintanance access rule for renter -->
        <record id="property_maintanance_rule" model="ir.rule">
            <field name="name">Property Maintanance Access</field>
            <field name="model_id" ref="property_rental_mgt_app.model_property_maintanance"/>
            <field name="groups" eval="[(4, ref('property_rental_mgt_app.group_rent_payer'))]"/>
            <field name="domain_force">[('responsible_id','=',user.partner_id.id)]</field>
        </record>

        <!-- Account Invoice Access Rule for renter -->
        <record id="property_renter_invoice_rule" model="ir.rule">
            <field name="name">Account Invoice Access</field>
            <field name="model_id" ref="account.model_account_move"/>
            <field name="groups" eval="[(4, ref('property_rental_mgt_app.group_rent_payer'))]"/>
            <field name="domain_force">[('partner_id','=',user.partner_id.id)]</field>
        </record>

        <!-- Account Invoice Access Rule for purchaser -->
        <record id="property_purchaser_invoice_rule" model="ir.rule">
            <field name="name">Property Purchaser Invoice Access</field>
            <field name="model_id" ref="account.model_account_move"/>
            <field name="groups" eval="[(4, ref('property_rental_mgt_app.group_purchaser'))]"/>
            <field name="domain_force">[('partner_id','=',user.partner_id.id)]</field>
        </record>

    </data>
</odoo>
