<?xml version="1.0" encoding="utf-8"?>
<odoo>
    <data noupdate="0">
        
        <record id="contract_seq" model="ir.sequence">
            <field name="name">Property Rent Contract</field>
            <field name="code">contract.details</field>
            <field name="prefix">CNT-%(year)s/</field>
            <field name="padding">4</field>
        </record>

        <record id="commission_line_seq" model="ir.sequence">
            <field name="name">Commission Lines</field>
            <field name="code">commission.line</field>
            <field name="prefix">CL-%(year)s/</field>
            <field name="padding">4</field>
        </record>

        <record id="commission_worksheet_seq" model="ir.sequence">
            <field name="name">Commission Worksheet</field>
            <field name="code">commission.worksheet</field>
            <field name="prefix">CW-%(year)s/</field>
            <field name="padding">4</field>
        </record>

    </data>
</odoo>