<?xml version="1.0" encoding="utf-8"?>
<odoo>
    <data>
        <!-- Expired Contract Mail Template -->
        <record id="rental_contract_template" model="mail.template">
            <field name="name">Expired Rental Contract</field>
            <field name="subject">Expired Rental Contract [${object.name}]</field>
            <field name="email_from">"${object.property_id.salesperson_id.partner_id.email or user.email|safe}</field>
            <field name="email_to">${object.partner_id.email | safe}</field>
            <field name="model_id" ref="property_rental_mgt_app.model_contract_details"/>
            <field name="auto_delete" eval="True"/>
            <field name="lang">${object.partner_id.lang}</field>
            <field name="body_html"><![CDATA[
                <p>Dear ${object.partner_id.name}.
                <p>
                    Your Contract is expired for This Property. <br/>Please renew Contract before this date ${object.to_date}. <h3>Contract : ${object.contract_id.name} <br/> Property : ${object.property_id.name}<br/>Property Rent : ${object.rent_price} <br/> Expired Date :  ${object.renewal_date}</h3>
                </p>
                ]]>
                    
            </field>
        </record>

        <!-- Reserved Rent Property-->
        <record id="property_reserved_template" model="mail.template">
            <field name="name">Property Reserved for Rent</field>
            <field name="model_id" ref="property_rental_mgt_app.model_property_book"/>
            <field name="subject">Reserved Property for Rent</field>
            <field name="email_from">"${object.property_id.salesperson_id.partner_id.email or user.email|safe}</field>
            <field name="email_to">${object.renter_id.email | safe}</field>
            <field name="body_html" type="html">
                <table border="0" cellpadding="0" cellspacing="0" width="590" style="min-width: 590px; background-color: white; padding: 0px 8px 0px 8px; border-collapse:separate;">
                    <tr><td valign="top" style="font-size: 13px;">
                        <div>
                            Dear ${object.renter_id.name},<br/><br/>
                            You are Successfully Reserved Property for Rent..!<br/>
                            Thanks,<br/><br />
                            ${user.signature | safe}<br/>
                        </div>
                    </td></tr>
                </table>
            </field>
        </record>

        <!-- Purchased Property Template-->
        <record id="property_purchased_template" model="mail.template">
            <field name="name">Booked Property for Purchase</field>
            <field name="model_id" ref="property_rental_mgt_app.model_property_buy"/>
            <field name="subject">Booked Property for Purchase</field>
            <field name="email_from">"${object.property_id.salesperson_id.partner_id.email or user.email|safe}</field>
            <field name="email_to">${object.purchaser_id.email | safe}</field>
            <field name="body_html" type="html">
                <table border="0" cellpadding="0" cellspacing="0" width="590" style="min-width: 590px; background-color: white; padding: 0px 8px 0px 8px; border-collapse:separate;">
                    <tr><td valign="top" style="font-size: 13px;">
                        <div>
                            Dear ${object.purchaser_id.name},<br/><br/>
                            You are Successfully Booked Property ..!<br/>
                            Thanks,<br/><br />
                            ${user.signature | safe}<br/>
                        </div>
                    </td></tr>
                </table>
            </field>
        </record>

        <!-- yearly_maintainance_template -->
        <record id="yearly_maintainance_template" model="mail.template">
            <field name="name">Property Yearly Maintainance</field>
            <field name="model_id" ref="property_rental_mgt_app.model_contract_details"/>
            <field name="subject">Property Yearly Maintainance Mail</field>
            <field name="email_from">"${object.property_id.salesperson_id.partner_id.email or user.email|safe}</field>
            <field name="email_to">${object.partner_id.email | safe}</field>
            <field name="body_html" type="html">
                <table border="0" cellpadding="0" cellspacing="0" width="590" style="min-width: 590px; background-color: white; padding: 0px 8px 0px 8px; border-collapse:separate;">
                    <tr><td valign="top" style="font-size: 13px;">
                        <div>
                            Dear ${object.partner_id.name},<br/><br/>
                            You will do yearly Property Maintainance ..!<br/>
                            Thanks,<br/><br />
                            ${user.signature | safe}<br/>
                        </div>
                    </td></tr>
                </table>
            </field>
        </record>

       <!-- monthly_maintainance_template -->
       <record id="monthly_maintainance_template" model="mail.template">
            <field name="name">Property Monthly Maintainance</field>
            <field name="model_id" ref="property_rental_mgt_app.model_contract_details"/>
            <field name="subject">Property Monthly Maintainance Mail</field>
            <field name="email_from">"${object.property_id.salesperson_id.partner_id.email or user.email|safe}</field>
            <field name="email_to">${object.partner_id.email | safe}</field>
            <field name="body_html" type="html">
                <table border="0" cellpadding="0" cellspacing="0" width="590" style="min-width: 590px; background-color: white; padding: 0px 8px 0px 8px; border-collapse:separate;">
                    <tr><td valign="top" style="font-size: 13px;">
                        <div>
                            Dear ${object.partner_id.name},<br/><br/>
                            You will do monthly Property Maintainance ..!<br/>
                            Thanks,<br/><br />
                            ${user.signature | safe}<br/>
                        </div>
                    </td></tr>
                </table>
            </field>
        </record>

    </data>
</odoo>