<?xml version="1.0" encoding="utf-8" ?>
<odoo>
	<data noupdate="1">

		<record forcecreate="True" model="ir.cron"
			id="rental_contract_remainder">
			<field name="name">Property Rental Contract Remainder
			</field>
			<field name="model_id" ref="model_contract_details" />
			<field name="user_id" ref="base.user_root" />
			<field name="interval_number">1</field>
			<field name="interval_type">days</field>
			<field name="numbercall">-1</field>
			<field name="doall" eval="True" />
			<field name="active" eval="True" />
			<field name="state">code</field>
			<field name="code">model.expired_contract_remainder()</field>
		</record>

		<record forcecreate="True" model="ir.cron"
			id="commission_worksheet_remainder">
			<field name="name">Generate Property Commission Worksheet
			</field>
			<field name="model_id" ref="model_account_payment" />
			<field name="user_id" ref="base.user_root" />
			<field name="interval_number">1</field>
			<field name="interval_type">months</field>
			<field name="numbercall">-1</field>
			<field name="doall" eval="True" />
			<field name="active" eval="True" />
			<field name="state">code</field>
			<field name="code">model.generate_commission_worksheet()</field>
		</record>

		<record forcecreate="True" model="ir.cron"
			id="monthly_maintainance_remainder">
			<field name="name">Property Maintainance Notification
			</field>
			<field name="model_id" ref="model_contract_details" />
			<field name="user_id" ref="base.user_root" />
			<field name="interval_number">1</field>
			<field name="interval_type">months</field>
			<field name="numbercall">-1</field>
			<field name="doall" eval="True" />
			<field name="active" eval="True" />
			<field name="state">code</field>
			<field name="code">model.monthly_maintainance_remainder()</field>
		</record>

		<!-- rented property set to rentable state base on all expire contracts -->
		<record forcecreate="True" model="ir.cron"
			id="property_product_set_available">
			<field name="name">Rent Property Set to Available
			</field>
			<field name="model_id" ref="model_product_product" />
			<field name="user_id" ref="base.user_root" />
			<field name="interval_number">1</field>
			<field name="interval_type">days</field>
			<field name="numbercall">-1</field>
			<field name="doall" eval="True" />
			<field name="active" eval="True" />
			<field name="state">code</field>
			<field name="code">model.property_set_to_available()</field>
		</record>


	</data>
</odoo>